ID,grant_id,subject,request_ID
c0000001-0001-0001-0001-000000000001,g-100,alice,a0000001-0001-0001-0001-000000000001
c0000002-0002-0002-0002-000000000002,g-101,alice,a0000002-0002-0002-0002-000000000002
c0000003-0003-0003-0003-000000000003,g-103,alice,a0000003-0003-0003-0003-000000000003
c0000004-0004-0004-0004-000000000004,g-104,alice,a0000004-0004-0004-0004-000000000004
c0000005-0005-0005-0005-000000000005,g-105,alice,a0000005-0005-0005-0005-000000000005
c0000006-0006-0006-0006-000000000006,g-106,alice,a0000006-0006-0006-0006-000000000006
c0000007-0007-0007-0007-000000000007,g-107,alice,a0000007-0007-0007-0007-000000000007
c0000008-0008-0008-0008-000000000008,g-200,alice,a0000008-0008-0008-0008-000000000008
c0000009-0009-0009-0009-000000000009,g-300,alice,a0000009-0009-0009-0009-000000000009
c0000010-0010-0010-0010-000000000010,g-301,alice,a0000010-0010-0010-0010-000000000010
c0000011-0011-0011-0011-000000000011,g-400,alice,a0000011-0011-0011-0011-000000000011
